<?xml version="1.0.1" encoding="UTF-8" standalone="yes"?>
<addon id="repository.hqzone" name="HQZone Addon Repository" version="1.0.0" provider-name="HQ Zone">
	<extension point="xbmc.addon.repository" name="HQZone Addon Repository">
		<info compressed="false">https://raw.githubusercontent.com/StreamingStar/HQ/master/addons.xml</info>
		<checksum>https://raw.githubusercontent.com/StreamingStar/HQ/master/addons.xml.md5</checksum>
		<datadir zip="true">https://raw.githubusercontent.com/StreamingStar/HQ/master/zips</datadir>
	</extension>
	<extension point="xbmc.addon.metadata">
		<summary>Download and install HQZone</summary>
		<description>Download and install HQZone</description>
		<platform>all</platform>
	</extension>
</addon>

